{
  "productos": [
    {
      "id": 1,
      "nombre": "Laptop Ultrabook",
      "precio": 899.99,
      "imagen": "https://images.unsplash.com/photo-1517336714731-489689fd1ca8?auto=format&fit=crop&w=800&q=80"
    },
    {
      "id": 2,
      "nombre": "Auriculares Inalámbricos",
      "precio": 129.50,
      "imagen": "https://encrypted-tbn0.gstatic.com/shopping?q=tbn:ANd9GcQEzsk39tDuGs9NDuYuX99klG5RO0LyD4YCqMKgCjkR94MXgpl56BHSV9md5tR81d7LFec-0ocPrl06uVCcTKhcspaaUG6dOXgghcW3uAUOECzJS55Rn5jb1dLUQDTromW2aBiT1A&usqp=CAc"
    },
    {
      "id": 3,
      "nombre": "Taza de Café",
      "precio": 12.99,
      "imagen": "https://images.unsplash.com/photo-1509042239860-f550ce710b93?auto=format&fit=crop&w=800&q=80"
    },
    {
      "id": 4,
      "nombre": "Mochila Deportiva",
      "precio": 45.00,
      "imagen": "https://images.unsplash.com/photo-1500530855697-b586d89ba3ee?auto=format&fit=crop&w=800&q=80"
    },
    {
      "id": 5,
      "nombre": "Smartphone Pro",
      "precio": 699.00,
      "imagen": "https://images.unsplash.com/photo-1511707171634-5f897ff02aa9?auto=format&fit=crop&w=800&q=80"
    }
  ]
}